rank_bucket,keyword_page_combinations,avg_rank,avg_conversion_rate,total_sessions,total_conversions,aggregate_conversion_rate
1-3 (Top 3),765,1.9607843137254901,0.038394901960784315,7701645,265546,0.0345
4-10 (First Page),1826,6.981380065717415,0.024641894852135814,19080250,491135,0.0257
11-20 (Second Page),2652,15.564856711915535,0.011526696832579186,27082318,318048,0.0117
21-50 (Top 50),8186,35.737112142682626,0.007615526508673345,84614090,699231,0.0083
51+ (Beyond Top 50),13682,75.72657506212542,0.005141360912147347,140988493,822691,0.0058
Not Ranked,41130,0.0,0.008876119620714806,508639958,4766917,0.0094
